title,price,shop,link,image,page
3件|蕉内银皮301P男士平角内裤莫代尔纯棉透气裆冰丝四角短裤男生,89.00,9年老店Bananain蕉内旗舰店,https://detail.tmall.com/item.htm?id=546670945516,https://gw.alicdn.com/imgextra/O1CN01K9aJs41Y2VjqxtTHs_!!3035493001-0-yinheaigc.jpg,1
3件|蕉内凉皮311CA男士冰丝内裤莫代尔纯棉透气裆四角短裤男生,198.00,9年老店Bananain蕉内旗舰店,https://detail.tmall.com/item.htm?id=644189215978,https://gw.alicdn.com/imgextra/O1CN01xCd9861Y2VjpP5d4H_!!3035493001.jpg,1
蕉内凉皮3系男士直筒长裤冰丝速干裤运动裤休闲裤夏季防晒薄裤子,199.00,9年老店Bananain蕉内旗舰店,https://detail.tmall.com/item.htm?id=1020289840560,https://g-search3.alicdn.com/img/bao/uploaded/i4/i3/3035493001/O1CN01SrSyBe1Y2VjoLD7rp_!!3035493001.jpg,1
冰丝透气|蕉内凉皮302Cool男士短袜吸汗运动防臭船袜夏季薄款袜子,59.00,9年老店Bananain蕉内旗舰店,https://detail.tmall.com/item.htm?id=698040494054,https://g-search2.alicdn.com/img/bao/uploaded/i4/i3/3035493001/O1CN012ZgJHx1Y2Vjol7VEl_!!3035493001.jpg,1
10A抗菌|蕉内银皮301S袜子男中筒袜吸汗防臭运动短袜春夏船袜棉袜,69.00,9年老店Bananain蕉内旗舰店,https://detail.tmall.com/item.htm?id=685087127547,https://g-search2.alicdn.com/img/bao/uploaded/i4/i1/3035493001/O1CN017qOWUb1Y2VjpOrjS6_!!3035493001.jpg,1
蕉内棉棉506Sleep家居服套装男士莫代尔冰丝女款夏季新款深睡睡衣,299.00,9年老店Bananain蕉内旗舰店,https://detail.tmall.com/item.htm?id=638015547996,https://g-search3.alicdn.com/img/bao/uploaded/i4/i2/3035493001/O1CN01g2T3VK1Y2VjpaLtiL_!!3035493001.jpg,1
蕉内棉棉305Home男士家居裤短裤长裤女款夏季情侣2026新款睡裤,129.00,9年老店Bananain蕉内旗舰店,https://detail.tmall.com/item.htm?id=696772454110,https://gw.alicdn.com/imgextra/O1CN01EZDoh81Y2VjpW8fec_!!3035493001-0-yinheaigc.jpg,1
蕉内棉棉300Sleep女士睡衣带杯莫代尔吊带新款带胸垫睡裙女款夏,199.00,9年老店Bananain蕉内旗舰店,https://detail.tmall.com/item.htm?id=638075107463,https://gw.alicdn.com/imgextra/O1CN01SjjKqA1Y2VjpAdXHR_!!3035493001.jpg,1
蕉内舒服蕾303A美背性感内衣女薄款蕾丝文胸法式三角杯细肩带胸罩,99.00,9年老店Bananain蕉内旗舰店,https://detail.tmall.com/item.htm?id=773163989648,https://g-search3.alicdn.com/img/bao/uploaded/i4/i4/3035493001/O1CN01752f2n1Y2VjpUZNZ8_!!3035493001.jpg,1
蕉内凉皮303Cool男士速干裤冰丝锥形休闲长裤运动裤夏季直筒裤子,199.00,9年老店Bananain蕉内旗舰店,https://detail.tmall.com/item.htm?id=886857696504,https://g-search2.alicdn.com/img/bao/uploaded/i4/i2/3035493001/O1CN01BlzX551Y2VjpFYAXI_!!3035493001.jpg,1
3件|蕉内银皮300S女士内裤纯棉透气裆莫代尔短裤低腰高级三角裤女,69.00,9年老店Bananain蕉内旗舰店,https://detail.tmall.com/item.htm?id=637741706744,https://g-search2.alicdn.com/img/bao/uploaded/i4/i4/3035493001/O1CN01PRAdGh1Y2VjpT98Tl_!!3035493001.jpg,1
蕉内凉皮502Cool男士速干透气短袖机能POLO衫凉感防晒T恤上衣新款,259.00,9年老店Bananain蕉内旗舰店,https://detail.tmall.com/item.htm?id=1026273678951,https://g-search1.alicdn.com/img/bao/uploaded/i4/i4/3035493001/O1CN01dxpX521Y2VjpFX1qP_!!3035493001.jpg,1
3件|蕉内银皮508A女士内裤纯棉透气裆无痕隐形健身瑜伽三角裤新款,139.00,9年老店Bananain蕉内旗舰店,https://detail.tmall.com/item.htm?id=637744410905,https://g-search3.alicdn.com/img/bao/uploaded/i4/i3/3035493001/O1CN01Ly0tfU1Y2VjqxpRjj_!!3035493001.jpg,1
3件|蕉内银皮511S男士内裤条纹款纯棉透气裆平角四角短裤高档男生,139.00,9年老店Bananain蕉内旗舰店,https://detail.tmall.com/item.htm?id=979699789561,https://g-search2.alicdn.com/img/bao/uploaded/i4/i1/3035493001/O1CN01cQW5vR1Y2VjpT90Dn_!!3035493001.jpg,1
3件|蕉内银皮300S平角内裤男士纯棉透气裆裤衩四角短裤男生,79.00,9年老店Bananain蕉内旗舰店,https://detail.tmall.com/item.htm?id=846173909467,https://g-search1.alicdn.com/img/bao/uploaded/i4/i3/3035493001/O1CN01Mim9go1Y2VjpGAbMn_!!3035493001.jpg,1
蕉内舒服蕾303A文胸蕾丝美背内衣女薄款法式性感透气细肩带文胸,99.00,9年老店Bananain蕉内旗舰店,https://detail.tmall.com/item.htm?id=618254451054,https://gw.alicdn.com/imgextra/O1CN016z2FrU1Y2Vjpc4B22_!!3035493001.jpg,1
蕉内丝丝505Home男士透气格纹家居长裤情侣款冰丝2026新款女睡裤,159.00,9年老店Bananain蕉内旗舰店,https://detail.tmall.com/item.htm?id=1028075736309,https://g-search3.alicdn.com/img/bao/uploaded/i4/i2/3035493001/O1CN01DuMbEG1Y2Vjpbbe9f_!!3035493001.jpg,1
抗菌防臭|蕉内银皮500E男士袜子透气浅口隐形防滑不掉跟船袜夏薄,69.00,9年老店Bananain蕉内旗舰店,https://detail.tmall.com/item.htm?id=637415689431,https://g-search1.alicdn.com/img/bao/uploaded/i4/i1/3035493001/O1CN01OxdV7u1Y2VjpAA8Du_!!3035493001.jpg,1
【李佳琦直播间618超级尾款日】蕉内银皮500E男女士莫代尔内裤,119.00,9年老店Bananain蕉内旗舰店,https://detail.tmall.com/item.htm?id=886486639958,https://g-search3.alicdn.com/img/bao/uploaded/i4/i4/3035493001/O1CN01u1BCph1Y2VjmvP6f8_!!4611686018427384457-0-item_pic.jpg,1
蕉内凉皮501Cool中长款罗纹无袖连衣裙高弹修身显瘦凉感U领,259.00,9年老店Bananain蕉内旗舰店,https://detail.tmall.com/item.htm?id=769734869680,https://g-search2.alicdn.com/img/bao/uploaded/i4/i2/3035493001/O1CN01gggdIh1Y2VjpA9Byf_!!3035493001.jpg,1
蕉内凉皮501C凉感冰丝薄款被子A类毯子春夏季可机洗空调被夏凉被,399.00,9年老店Bananain蕉内旗舰店,https://detail.tmall.com/item.htm?id=777560637232,https://g-search1.alicdn.com/img/bao/uploaded/i4/i2/3035493001/O1CN01jOB4ev1Y2Vjpc4FBw_!!3035493001.jpg,1
3件|蕉内银皮500E女士内裤无痕透气莫代尔高腰三角裤大码收腹女,119.00,9年老店Bananain蕉内旗舰店,https://detail.tmall.com/item.htm?id=567584866056,https://gw.alicdn.com/imgextra/O1CN01dkb5ke1Y2VjpSjHwf_!!3035493001-0-yinheaigc.jpg,1
蕉内棉棉301Home家居服男士无缝背心纯色上衣老头衫大码纯棉睡衣,69.00,9年老店Bananain蕉内旗舰店,https://detail.tmall.com/item.htm?id=877932710745,https://g-search1.alicdn.com/img/bao/uploaded/i4/i2/3035493001/O1CN01uzYaVv1Y2VjpaKpDb_!!3035493001.jpg,1
3件|蕉内银皮301Pro男士莫代尔三角内裤薄大码冰丝纯棉透气裆短裤,89.00,9年老店Bananain蕉内旗舰店,https://detail.tmall.com/item.htm?id=557552371631,https://g-search3.alicdn.com/img/bao/uploaded/i4/i2/3035493001/O1CN01hghv391Y2VjpAaNtO_!!3035493001.jpg,1
蕉内511S美背内衣女小胸聚拢收副乳防下垂无痕性感透气文胸胸罩,169.00,9年老店Bananain蕉内旗舰店,https://detail.tmall.com/item.htm?id=698014770995,https://gw.alicdn.com/imgextra/O1CN01ust06r1Y2VjpUB9qQ_!!3035493001.jpg,1
【李佳琦直播间618时尚节】蕉内5系深睡系列男女士家居服,219.00,9年老店Bananain蕉内旗舰店,https://detail.tmall.com/item.htm?id=1018903762376,https://g-search1.alicdn.com/img/bao/uploaded/i4/i4/3035493001/O1CN01RFpe1r1Y2VjkRzAs6_!!4611686018427384457-0-item_pic.jpg,1
蕉内氧气501A舒服蕾内衣女花瓣杯文胸小胸聚拢性感透气蕾丝胸罩,169.00,9年老店Bananain蕉内旗舰店,https://detail.tmall.com/item.htm?id=1019914327589,https://gw.alicdn.com/imgextra/O1CN01WO2K7V1Y2VjpT7f6D_!!3035493001.jpg,1
蕉内银皮500Air男士阿罗裤莫代尔宽松纯棉透气裆冰丝睡裤短裤内裤,79.00,9年老店Bananain蕉内旗舰店,https://detail.tmall.com/item.htm?id=703990168598,https://g-search2.alicdn.com/img/bao/uploaded/i4/i2/3035493001/O1CN010U1mnQ1Y2VjpFi8XY_!!3035493001.jpg,1
抗菌速干|蕉内凉皮502CoolAir男隐形船袜吸汗防臭防滑不掉跟袜子,69.00,9年老店Bananain蕉内旗舰店,https://detail.tmall.com/item.htm?id=702711572732,https://g-search3.alicdn.com/img/bao/uploaded/i4/i1/3035493001/O1CN01DWBPkC1Y2VjpirpS6_!!3035493001.jpg,1
10A抗菌|蕉内凉皮301CoolAir女中筒袜冰丝防臭堆堆袜夏季薄袜子,69.00,9年老店Bananain蕉内旗舰店,https://detail.tmall.com/item.htm?id=889388402378,https://g-search2.alicdn.com/img/bao/uploaded/i4/i1/3035493001/O1CN01Xk2RA21Y2VjpAQRj1_!!3035493001.jpg,1
商务棉袜|蕉内银皮3系男士中筒袜吸汗防臭透气袜子西装袜黑色长袜,95.00,9年老店Bananain蕉内旗舰店,https://detail.tmall.com/item.htm?id=832155753788,https://g-search3.alicdn.com/img/bao/uploaded/i4/i3/3035493001/O1CN016xWksn1Y2VjkrS3rn_!!3035493001.jpg,1
礼盒|蕉内红色计划5系莫代尔纯棉男士内裤女士袜子本命年结婚礼物,139.00,9年老店Bananain蕉内旗舰店,https://detail.tmall.com/item.htm?id=626514144026,https://g-search2.alicdn.com/img/bao/uploaded/i4/i4/3035493001/O1CN01L7yHgD1Y2VjpAc3q9_!!3035493001.jpg,1
蕉内凉皮501Cool男士速干透气珠地插肩修身短袖机能POLO凉感t恤,259.00,9年老店Bananain蕉内旗舰店,https://detail.tmall.com/item.htm?id=1028208923542,https://g-search2.alicdn.com/img/bao/uploaded/i4/i1/3035493001/O1CN01rD3mF91Y2VjpbPjLF_!!3035493001.jpg,2
蕉内凉皮3系冰袖女冰丝透气男士户外开车骑行手套夏新款防晒袖套,39.00,9年老店Bananain蕉内旗舰店,https://detail.tmall.com/item.htm?id=701464632806,https://g-search3.alicdn.com/img/bao/uploaded/i4/i1/3035493001/O1CN01zCPom01Y2VjpP3gZ4_!!3035493001.jpg,2
蕉内凉皮505CoolAir男士速干机能伞兵裤户外运动裤健身骑行休闲裤,359.00,9年老店Bananain蕉内旗舰店,https://detail.tmall.com/item.htm?id=895907592970,https://g-search2.alicdn.com/img/bao/uploaded/i4/i3/3035493001/O1CN012zPgjL1Y2VjpE88nj_!!3035493001.jpg,2
【李佳琦直播间618玩乐一夏】蕉内3系粉底液无尺码/聚拢文胸,99.00,9年老店Bananain蕉内旗舰店,https://detail.tmall.com/item.htm?id=1030672624111,https://g-search2.alicdn.com/img/bao/uploaded/i4/i4/3035493001/O1CN01ywLKaX1Y2VjknDtKA_!!4611686018427384457-0-item_pic.jpg,2
蕉内丝丝515Home家居服冰丝长袖天丝男士2026新款情侣睡衣女款夏,359.00,9年老店Bananain蕉内旗舰店,https://detail.tmall.com/item.htm?id=876883939265,https://gw.alicdn.com/imgextra/O1CN01gwgA311Y2VjpAbSRW_!!3035493001.jpg,3
蕉内凉皮505Cool Pro女士工装短裙半身裙休闲凉感裙子女,259.00,9年老店Bananain蕉内旗舰店,https://detail.tmall.com/item.htm?id=897491673389,https://g-search1.alicdn.com/img/bao/uploaded/i4/i3/3035493001/O1CN01k0p2bj1Y2Vjpyv4ad_!!3035493001.jpg,3
冰丝透气|蕉内凉皮502Cool中筒袜男士吸汗防臭网眼运动薄袜子夏季,69.00,9年老店Bananain蕉内旗舰店,https://detail.tmall.com/item.htm?id=698066450866,https://g-search3.alicdn.com/img/bao/uploaded/i4/i3/3035493001/O1CN018qCWx21Y2Vjomwd2C_!!3035493001.jpg,3
Gemini 3pro ultra香蕉2nano banana 会员套餐国内直登直连不限速,1.60,回头客1万叮当站旗舰店,https://detail.tmall.com/item.htm?id=1052400315906,https://g-search3.alicdn.com/img/bao/uploaded/i4/i3/2219899877342/O1CN01tGjsLX246h3d7IgiM_!!4611686018427385822-0-item_pic.jpg,4
蕉内丝丝520Home男士家居服套装冰丝长袖凉感男款2026新款睡衣夏,329.00,9年老店Bananain蕉内旗舰店,https://detail.tmall.com/item.htm?id=697668805900,https://g-search2.alicdn.com/img/bao/uploaded/i4/i3/3035493001/O1CN01ZK9BDj1Y2Vjpc4ZzU_!!3035493001.jpg,4
蕉内氧气505Proof男士三防阔腿机能裤伞兵裤户外运动工装裤休闲裤,359.00,9年老店Bananain蕉内旗舰店,https://detail.tmall.com/item.htm?id=982157557542,https://g-search3.alicdn.com/img/bao/uploaded/i4/i1/3035493001/O1CN01fG5m5z1Y2VjpVsKlX_!!3035493001.jpg,4
蕉内棉棉305Home男士家居裤短裤长裤女款夏季情侣2026新款睡裤,129.00,9年老店Bananain蕉内旗舰店,https://detail.tmall.com/item.htm?id=1053606566437,https://g-search2.alicdn.com/img/bao/uploaded/i4/i2/3035493001/O1CN01Jo5AIh1Y2VjpAaqyS_!!3035493001.jpg,4
蕉内棉棉301Home女款家居服大码男士纯棉情侣带胸垫睡衣新款夏季,229.00,9年老店Bananain蕉内旗舰店,https://detail.tmall.com/item.htm?id=678416024052,https://g-search3.alicdn.com/img/bao/uploaded/i4/i3/3035493001/O1CN01TqVZHI1Y2VjpbcPsc_!!3035493001.jpg,4
蕉内氧气300A无尺码无痕粉底液内衣女舒适隐形运动背心文胸胸罩新,99.00,9年老店Bananain蕉内旗舰店,https://detail.tmall.com/item.htm?id=654565083505,https://gw.alicdn.com/imgextra/O1CN011QhuUM1Y2VjpbaTKP_!!3035493001.jpg,4
【达人专享】蕉内凉皮302UV Pro女士防晒衣护手背修身速干防晒服,259.00,9年老店Bananain蕉内旗舰店,https://detail.tmall.com/item.htm?id=1056623700041,https://g-search3.alicdn.com/img/bao/uploaded/i4/i4/3035493001/O1CN01npBLBb1Y2VjmdzhDE_!!4611686018427384457-2-item_pic.png,4
蕉内蕉蕉杯5系文胸抹胸美背无肩带内衣女聚拢性感裹胸粉底液胸罩,169.00,9年老店Bananain蕉内旗舰店,https://detail.tmall.com/item.htm?id=703194906177,https://g-search3.alicdn.com/img/bao/uploaded/i4/i1/3035493001/O1CN01whh6e51Y2VjpDmrYT_!!3035493001.jpg,4
蕉内丝丝520Home女款带杯家居服短袖长袖男士冰丝情侣睡衣新款夏,279.00,9年老店Bananain蕉内旗舰店,https://detail.tmall.com/item.htm?id=782082784157,https://g-search2.alicdn.com/img/bao/uploaded/i4/i2/3035493001/O1CN01QDyOMH1Y2Vjqxr3Yp_!!3035493001.jpg,5
蕉内凉皮302cool男士休闲裤冰丝长裤运动速干防晒裤子新款束脚裤,199.00,9年老店Bananain蕉内旗舰店,https://detail.tmall.com/item.htm?id=765083000779,https://g-search2.alicdn.com/img/bao/uploaded/i4/i2/3035493001/O1CN017j2VUn1Y2Vjpa7CGH_!!3035493001.jpg,5
蕉内凉皮501Cool Pro女士长款带杯修身收腰吊带连衣裙26春夏新款,299.00,9年老店Bananain蕉内旗舰店,https://detail.tmall.com/item.htm?id=769731925691,https://g-search2.alicdn.com/img/bao/uploaded/i4/i3/3035493001/O1CN01jBxpkl1Y2VjpzDs5O_!!3035493001.jpg,5
蕉内基础301Home家居室内浴室女士防滑防臭凉拖男士情侣软底拖鞋,49.00,9年老店Bananain蕉内旗舰店,https://detail.tmall.com/item.htm?id=642451516148,https://gw.alicdn.com/imgextra/O1CN01hl6yKU1Y2VjpOb1E2_!!3035493001.jpg,5
